longtitle,linkwithprice,title
,,
,,
,,
,,
,,
,,
,,
,,
,,
,,
,,
,,
,/preisvergleich/Relocate/475430102.html?categoryId=18406&pos=1&price=2857.6&productid=4677123&sid=9701&type=offer,"
,
"
,/preisvergleich/Relocate/559969174.html?categoryId=18406&pos=2&price=2885.8&productid=4677123&sid=294528&type=offer,"
Vi­to­dens 222-W 13 kW mit Vi­to­tro­nic 100 HC1B, hoch­ef­fi­zi­ent"
,/preisvergleich/Relocate/513493664.html?categoryId=18406&pos=3&price=2934.94&productid=4677123&sid=9701&type=offer,"
,
"
,/preisvergleich/Relocate/513353429.html?categoryId=18406&pos=4&price=3008.99&productid=4677123&sid=276812&type=offer,"
Viess­mann Vi­to­dens 222-W mit Vi­to­tro­nic 100 3,2 - 13,0 kW"
,/preisvergleich/Relocate/513353126.html?categoryId=18406&pos=5&price=3232.99&productid=4677123&sid=276812&type=offer,"
Viess­mann Vi­to­dens 222-W mit Vi­to­tro­nic 200 3,2 - 13,0 kW"
,/preisvergleich/Relocate/513353032.html?categoryId=18406&pos=6&price=3454.99&productid=4677123&sid=276812&type=offer,"
Vi­to­tro­nic 200 HO1B, Mon­ta­ge­hil­fe AP"
,,
,,
,,
,,
,,
,,
,,
,,
,,
,,
,,
,,
,,
,/preisvergleich/Relocate/585082438.html?categoryId=18406&pos=1&price=1631.28&productid=3664000&sid=293331&type=offer,"
Viess­mann Vi­to­dens 200-W 13 kW Gas-Brenn­wert­heiz­ge­rät Gas­hei­zung Gasther­me B2HA001"
,/preisvergleich/Relocate/481777811.html?categoryId=18406&pos=2&price=1715.0&productid=3664000&sid=289859&type=offer,"
Viess­mann Vi­to­dens 200-W Gas-Brenn­wert­ther­me, 13 kW, VT100, HE ohne Ab­gas­pa­ket, ohne, ohne Viess­mann"
,/preisvergleich/Relocate/440781167.html?categoryId=18406&pos=3&price=1760.0&productid=3664000&sid=9701&type=offer,"
,
"
,/preisvergleich/Relocate/362636046.html?categoryId=18406&pos=4&price=1769.0&productid=3664000&sid=9701&type=offer,"
,
"
,/preisvergleich/Relocate/503493983.html?categoryId=18406&pos=5&price=1799.76&productid=3664000&sid=297223&type=offer,"
VIESS­MANN B2HA001 B2HA001 Vi­to­dens 200-W Gas-Brenn­wert-Wand­ge­rät 3,2-13, 0 kW mit Vi­to­tro­nic 100"
,/preisvergleich/Relocate/585082312.html?categoryId=18406&pos=6&price=1822.69&productid=3664000&sid=293331&type=offer,"
Viess­mann Vi­to­dens 200-W 13 kW Gas-Brenn­wert-Ther­me Brenn­wert­hei­zung Gasther­me B2HA003"
,/preisvergleich/Relocate/503498734.html?categoryId=18406&pos=7&price=1828.7&productid=3664000&sid=297223&type=offer,"
VIESS­MANN B2HA003 B2HA003 Vi­to­dens 200-W Gas-Brenn­wert-Wand­ge­rät 3,2-13, 0 kW mit Vi­to­tro­nic 200"
,/preisvergleich/Relocate/559966996.html?categoryId=18406&pos=8&price=1890.9&productid=3664000&sid=294528&type=offer,"
Vi­to­dens 200-W 13KW mit Vi­to­tro­nic 100"
,/preisvergleich/Relocate/306412868.html?categoryId=18406&pos=9&price=1899.0&productid=3664000&sid=288366&type=offer,"
Viess­mann Vi­to­dens 200-W Typ B2HA inkl. Vi­to­tro­nic 100 ""3,2 - 13 kW"""
,,
,,
,,
,,
,,
,,
,,
,,
,/preisvergleich/Relocate/387844301.html?categoryId=18406&pos=10&price=1909.99&productid=3664000&sid=276812&type=offer,"
Viess­mann Vi­to­dens 200-W mit Vi­to­tro­nic 100 3,2 - 13,0 kW"
,/preisvergleich/Relocate/585082566.html?categoryId=18406&pos=11&price=2041.73&productid=3664000&sid=293331&type=offer,"
Viess­mann Paket Vi­to­dens Gas­brenn­wert-Ther­me 200-W 13 kW B2HA069"
,/preisvergleich/Relocate/306412844.html?categoryId=18406&pos=12&price=2049.0&productid=3664000&sid=288366&type=offer,"
Viess­mann Vi­to­dens 200-W Typ B2HA inkl. Vi­to­tro­nic 200 ""3,2 - 13 kW"""
,/preisvergleich/Relocate/559986259.html?categoryId=18406&pos=13&price=2060.9&productid=3664000&sid=294528&type=offer,"
Vi­to­dens 200-W 13KW mit Vi­to­tro­nic 200"
,/preisvergleich/Relocate/387843970.html?categoryId=18406&pos=14&price=2133.99&productid=3664000&sid=276812&type=offer,"
Viess­mann Vi­to­dens 200-W mit Vi­to­tro­nic 200 3,2 - 13,0 kW"
,/preisvergleich/Relocate/585082569.html?categoryId=18406&pos=15&price=2304.18&productid=3664000&sid=293331&type=offer,"
Viess­mann Paket Brenn­wert-Gasther­me Vi­to­dens 200-W 13 kW Spei­cher CVA 160 L B2HA062"
,,
,,
,,
,/preisvergleich/Relocate/481825971.html?categoryId=18406&pos=1&price=2690.0&productid=3131289&sid=289859&type=offer,"
Viess­mann Vi­to­dens 222-F Kom­pakt-Brenn­wert­ther­me, 13 kW, VT100, HE ohne Ab­gas­pa­ket, ohne An­schluss-Set Viess­mann"
,/preisvergleich/Relocate/366564113.html?categoryId=18406&pos=2&price=2745.0&productid=3131289&sid=9701&type=offer,"
,
"
,/preisvergleich/Relocate/559967057.html?categoryId=18406&pos=3&price=2799.99&productid=3131289&sid=294528&type=offer,"
Paket Vi­to­dens 222-W 13KW mit Vi­to­tro­nic 200, La­de­spei­cher und Mon­ta­ge­hil­fe AP"
,/preisvergleich/Relocate/475430046.html?categoryId=18406&pos=4&price=2800.0&productid=3131289&sid=9701&type=offer,"
,
"
,/preisvergleich/Relocate/559986562.html?categoryId=18406&pos=5&price=2827.34&productid=3131289&sid=294528&type=offer,"
Vi­to­dens 222-F 13 kW mit Vi­to­tro­nic 100 HC1B, hoch­ef­fi­zi­ent"
,/preisvergleich/Relocate/436314809.html?categoryId=18406&pos=6&price=2873.62&productid=3131289&sid=276812&type=offer,"
Viess­mann Paket Vi­to­dens 222-F 13 kW Vi­to­tro­nic"
,/preisvergleich/Relocate/436315101.html?categoryId=18406&pos=7&price=2873.62&productid=3131289&sid=276812&type=offer,"
Viess­mann Paket Vi­to­dens 222-F 13 kW Vi­to­tro­nic"
,/preisvergleich/Relocate/387844471.html?categoryId=18406&pos=8&price=2947.99&productid=3131289&sid=276812&type=offer,"
Viess­mann Vi­to­dens 222-F B2TA mit Vi­to­tro­nic 100 3,2 - 13,0 kW"
,/preisvergleich/Relocate/387844094.html?categoryId=18406&pos=9&price=2947.99&productid=3131289&sid=276812&type=offer,"
Viess­mann Vi­to­dens 222-F B2SA mit Vi­to­tro­nic 100 3,2 - 13,0 kW"
,/preisvergleich/Relocate/481778260.html?categoryId=18406&pos=10&price=2965.0&productid=3131289&sid=289859&type=offer,"
Viess­mann 222-F Gasther­me, 13 kW, B2SA010, Spei­cher in­nen­be­heizt, Auf­putz l/r Viess­mann"
,/preisvergleich/Relocate/481795230.html?categoryId=18406&pos=11&price=2965.0&productid=3131289&sid=289859&type=offer,"
Viess­mann 222-F Gasther­me, 13 kW, B2SA007, Spei­cher in­nen­be­heizt, Auf­putz oben Viess­mann"
,/preisvergleich/Relocate/387844400.html?categoryId=18406&pos=12&price=3171.99&productid=3131289&sid=276812&type=offer,"
Vi­to­dens 222-F mit Vi­to­tro­nic 200, La­de­spei­cher 3,2 - 13,0 kW"
,/preisvergleich/Relocate/387844058.html?categoryId=18406&pos=13&price=3171.99&productid=3131289&sid=276812&type=offer,"
Viess­mann Vi­to­dens 222-F BS2A mit Vi­to­tro­nic 200 3,2 - 13,0 kW"
,/preisvergleich/Relocate/559986572.html?categoryId=18406&pos=14&price=3300.0&productid=3131289&sid=294528&type=offer,"
Vi­to­dens 222-F 13KW mit Spei­cher mit Vi­to­tro­nic 200 Kom­pakt­ge­rät"
,/preisvergleich/Relocate/513353389.html?categoryId=18406&pos=15&price=3400.99&productid=3131289&sid=276812&type=offer,"
Vi­to­tro­nic 200 HO1B, Mon­ta­ge­hil­fe AP 3,2 - 13,0 kW, Auf­putz-Mon­ta­ge"
longtitle,linkwithprice,title
,,
,,
,,
,,
,,
,,
,,
,,
,,
,,
,,
,,
,/preisvergleich/Relocate/475430102.html?categoryId=18406&pos=1&price=2857.6&productid=4677123&sid=9701&type=offer,"
,
"
,/preisvergleich/Relocate/559969174.html?categoryId=18406&pos=2&price=2885.8&productid=4677123&sid=294528&type=offer,"
Vi­to­dens 222-W 13 kW mit Vi­to­tro­nic 100 HC1B, hoch­ef­fi­zi­ent"
,/preisvergleich/Relocate/513493664.html?categoryId=18406&pos=3&price=2934.94&productid=4677123&sid=9701&type=offer,"
,
"
,/preisvergleich/Relocate/513353429.html?categoryId=18406&pos=4&price=3008.99&productid=4677123&sid=276812&type=offer,"
Viess­mann Vi­to­dens 222-W mit Vi­to­tro­nic 100 3,2 - 13,0 kW"
,/preisvergleich/Relocate/513353126.html?categoryId=18406&pos=5&price=3232.99&productid=4677123&sid=276812&type=offer,"
Viess­mann Vi­to­dens 222-W mit Vi­to­tro­nic 200 3,2 - 13,0 kW"
,/preisvergleich/Relocate/513353032.html?categoryId=18406&pos=6&price=3454.99&productid=4677123&sid=276812&type=offer,"
Vi­to­tro­nic 200 HO1B, Mon­ta­ge­hil­fe AP"
,,
,,
,,
,,
,,
,,
,,
,,
,,
,,
,,
,,
,,
,,
,,
,,
,,
,,
,,
,/preisvergleich/Relocate/481825971.html?categoryId=18406&pos=1&price=2690.0&productid=3131289&sid=289859&type=offer,"
Viess­mann Vi­to­dens 222-F Kom­pakt-Brenn­wert­ther­me, 13 kW, VT100, HE ohne Ab­gas­pa­ket, ohne An­schluss-Set Viess­mann"
,,
,,
,,
,,
,,
,/preisvergleich/Relocate/366564113.html?categoryId=18406&pos=2&price=2745.0&productid=3131289&sid=9701&type=offer,"
,
"
,/preisvergleich/Relocate/559967057.html?categoryId=18406&pos=3&price=2799.99&productid=3131289&sid=294528&type=offer,"
Paket Vi­to­dens 222-W 13KW mit Vi­to­tro­nic 200, La­de­spei­cher und Mon­ta­ge­hil­fe AP"
,/preisvergleich/Relocate/475430046.html?categoryId=18406&pos=4&price=2800.0&productid=3131289&sid=9701&type=offer,"
,
"
,/preisvergleich/Relocate/559986562.html?categoryId=18406&pos=5&price=2827.34&productid=3131289&sid=294528&type=offer,"
Vi­to­dens 222-F 13 kW mit Vi­to­tro­nic 100 HC1B, hoch­ef­fi­zi­ent"
,/preisvergleich/Relocate/436314809.html?categoryId=18406&pos=6&price=2873.62&productid=3131289&sid=276812&type=offer,"
Viess­mann Paket Vi­to­dens 222-F 13 kW Vi­to­tro­nic"
,/preisvergleich/Relocate/585082438.html?categoryId=18406&pos=1&price=1631.28&productid=3664000&sid=293331&type=offer,"
Viess­mann Vi­to­dens 200-W 13 kW Gas-Brenn­wert­heiz­ge­rät Gas­hei­zung Gasther­me B2HA001"
,/preisvergleich/Relocate/436315101.html?categoryId=18406&pos=7&price=2873.62&productid=3131289&sid=276812&type=offer,"
Viess­mann Paket Vi­to­dens 222-F 13 kW Vi­to­tro­nic"
,/preisvergleich/Relocate/387844471.html?categoryId=18406&pos=8&price=2947.99&productid=3131289&sid=276812&type=offer,"
Viess­mann Vi­to­dens 222-F B2TA mit Vi­to­tro­nic 100 3,2 - 13,0 kW"
,/preisvergleich/Relocate/387844094.html?categoryId=18406&pos=9&price=2947.99&productid=3131289&sid=276812&type=offer,"
Viess­mann Vi­to­dens 222-F B2SA mit Vi­to­tro­nic 100 3,2 - 13,0 kW"
,/preisvergleich/Relocate/481778260.html?categoryId=18406&pos=10&price=2965.0&productid=3131289&sid=289859&type=offer,"
Viess­mann 222-F Gasther­me, 13 kW, B2SA010, Spei­cher in­nen­be­heizt, Auf­putz l/r Viess­mann"
,/preisvergleich/Relocate/481795230.html?categoryId=18406&pos=11&price=2965.0&productid=3131289&sid=289859&type=offer,"
Viess­mann 222-F Gasther­me, 13 kW, B2SA007, Spei­cher in­nen­be­heizt, Auf­putz oben Viess­mann"
,/preisvergleich/Relocate/387844400.html?categoryId=18406&pos=12&price=3171.99&productid=3131289&sid=276812&type=offer,"
Vi­to­dens 222-F mit Vi­to­tro­nic 200, La­de­spei­cher 3,2 - 13,0 kW"
,/preisvergleich/Relocate/481777811.html?categoryId=18406&pos=2&price=1715.0&productid=3664000&sid=289859&type=offer,"
Viess­mann Vi­to­dens 200-W Gas-Brenn­wert­ther­me, 13 kW, VT100, HE ohne Ab­gas­pa­ket, ohne, ohne Viess­mann"
,/preisvergleich/Relocate/440781167.html?categoryId=18406&pos=3&price=1760.0&productid=3664000&sid=9701&type=offer,"
,
"
,/preisvergleich/Relocate/362636046.html?categoryId=18406&pos=4&price=1769.0&productid=3664000&sid=9701&type=offer,"
,
"
,/preisvergleich/Relocate/387844058.html?categoryId=18406&pos=13&price=3171.99&productid=3131289&sid=276812&type=offer,"
Viess­mann Vi­to­dens 222-F BS2A mit Vi­to­tro­nic 200 3,2 - 13,0 kW"
,/preisvergleich/Relocate/559986572.html?categoryId=18406&pos=14&price=3300.0&productid=3131289&sid=294528&type=offer,"
Vi­to­dens 222-F 13KW mit Spei­cher mit Vi­to­tro­nic 200 Kom­pakt­ge­rät"
,/preisvergleich/Relocate/513353389.html?categoryId=18406&pos=15&price=3400.99&productid=3131289&sid=276812&type=offer,"
Vi­to­tro­nic 200 HO1B, Mon­ta­ge­hil­fe AP 3,2 - 13,0 kW, Auf­putz-Mon­ta­ge"
,/preisvergleich/Relocate/503493983.html?categoryId=18406&pos=5&price=1799.76&productid=3664000&sid=297223&type=offer,"
VIESS­MANN B2HA001 B2HA001 Vi­to­dens 200-W Gas-Brenn­wert-Wand­ge­rät 3,2-13, 0 kW mit Vi­to­tro­nic 100"
,/preisvergleich/Relocate/585082312.html?categoryId=18406&pos=6&price=1822.69&productid=3664000&sid=293331&type=offer,"
Viess­mann Vi­to­dens 200-W 13 kW Gas-Brenn­wert-Ther­me Brenn­wert­hei­zung Gasther­me B2HA003"
,/preisvergleich/Relocate/503498734.html?categoryId=18406&pos=7&price=1828.7&productid=3664000&sid=297223&type=offer,"
VIESS­MANN B2HA003 B2HA003 Vi­to­dens 200-W Gas-Brenn­wert-Wand­ge­rät 3,2-13, 0 kW mit Vi­to­tro­nic 200"
,/preisvergleich/Relocate/559966996.html?categoryId=18406&pos=8&price=1890.9&productid=3664000&sid=294528&type=offer,"
Vi­to­dens 200-W 13KW mit Vi­to­tro­nic 100"
,/preisvergleich/Relocate/306412868.html?categoryId=18406&pos=9&price=1899.0&productid=3664000&sid=288366&type=offer,"
Viess­mann Vi­to­dens 200-W Typ B2HA inkl. Vi­to­tro­nic 100 ""3,2 - 13 kW"""
,/preisvergleich/Relocate/387844301.html?categoryId=18406&pos=10&price=1909.99&productid=3664000&sid=276812&type=offer,"
Viess­mann Vi­to­dens 200-W mit Vi­to­tro­nic 100 3,2 - 13,0 kW"
,/preisvergleich/Relocate/585082566.html?categoryId=18406&pos=11&price=2041.73&productid=3664000&sid=293331&type=offer,"
Viess­mann Paket Vi­to­dens Gas­brenn­wert-Ther­me 200-W 13 kW B2HA069"
,/preisvergleich/Relocate/306412844.html?categoryId=18406&pos=12&price=2049.0&productid=3664000&sid=288366&type=offer,"
Viess­mann Vi­to­dens 200-W Typ B2HA inkl. Vi­to­tro­nic 200 ""3,2 - 13 kW"""
,/preisvergleich/Relocate/559986259.html?categoryId=18406&pos=13&price=2060.9&productid=3664000&sid=294528&type=offer,"
Vi­to­dens 200-W 13KW mit Vi­to­tro­nic 200"
,/preisvergleich/Relocate/387843970.html?categoryId=18406&pos=14&price=2133.99&productid=3664000&sid=276812&type=offer,"
Viess­mann Vi­to­dens 200-W mit Vi­to­tro­nic 200 3,2 - 13,0 kW"
,/preisvergleich/Relocate/585082569.html?categoryId=18406&pos=15&price=2304.18&productid=3664000&sid=293331&type=offer,"
Viess­mann Paket Brenn­wert-Gasther­me Vi­to­dens 200-W 13 kW Spei­cher CVA 160 L B2HA062"
longtitle,linkwithprice,title
,,
,,
,,
,,
,,
,,
,,
,,
,,
,,
,,
,,
,/preisvergleich/Relocate/475430102.html?categoryId=18406&pos=1&price=2857.6&productid=4677123&sid=9701&type=offer,"
,
"
,/preisvergleich/Relocate/559969174.html?categoryId=18406&pos=2&price=2885.8&productid=4677123&sid=294528&type=offer,"
Vi­to­dens 222-W 13 kW mit Vi­to­tro­nic 100 HC1B, hoch­ef­fi­zi­ent"
,/preisvergleich/Relocate/513493664.html?categoryId=18406&pos=3&price=2934.94&productid=4677123&sid=9701&type=offer,"
,
"
,/preisvergleich/Relocate/513353429.html?categoryId=18406&pos=4&price=3008.99&productid=4677123&sid=276812&type=offer,"
Viess­mann Vi­to­dens 222-W mit Vi­to­tro­nic 100 3,2 - 13,0 kW"
,/preisvergleich/Relocate/513353126.html?categoryId=18406&pos=5&price=3232.99&productid=4677123&sid=276812&type=offer,"
Viess­mann Vi­to­dens 222-W mit Vi­to­tro­nic 200 3,2 - 13,0 kW"
,/preisvergleich/Relocate/513353032.html?categoryId=18406&pos=6&price=3454.99&productid=4677123&sid=276812&type=offer,"
Vi­to­tro­nic 200 HO1B, Mon­ta­ge­hil­fe AP"
,,
,,
,,
,,
,,
,,
,,
,,
,,
,,
,,
,,
,,
,,
,,
,,
,,
,,
,,
,,
,,
,/preisvergleich/Relocate/585082438.html?categoryId=18406&pos=1&price=1631.28&productid=3664000&sid=293331&type=offer,"
Viess­mann Vi­to­dens 200-W 13 kW Gas-Brenn­wert­heiz­ge­rät Gas­hei­zung Gasther­me B2HA001"
,/preisvergleich/Relocate/481777811.html?categoryId=18406&pos=2&price=1715.0&productid=3664000&sid=289859&type=offer,"
Viess­mann Vi­to­dens 200-W Gas-Brenn­wert­ther­me, 13 kW, VT100, HE ohne Ab­gas­pa­ket, ohne, ohne Viess­mann"
,/preisvergleich/Relocate/440781167.html?categoryId=18406&pos=3&price=1760.0&productid=3664000&sid=9701&type=offer,"
,
"
,,
,,
,,
,/preisvergleich/Relocate/481825971.html?categoryId=18406&pos=1&price=2690.0&productid=3131289&sid=289859&type=offer,"
Viess­mann Vi­to­dens 222-F Kom­pakt-Brenn­wert­ther­me, 13 kW, VT100, HE ohne Ab­gas­pa­ket, ohne An­schluss-Set Viess­mann"
,/preisvergleich/Relocate/366564113.html?categoryId=18406&pos=2&price=2745.0&productid=3131289&sid=9701&type=offer,"
,
"
,/preisvergleich/Relocate/559967057.html?categoryId=18406&pos=3&price=2799.99&productid=3131289&sid=294528&type=offer,"
Paket Vi­to­dens 222-W 13KW mit Vi­to­tro­nic 200, La­de­spei­cher und Mon­ta­ge­hil­fe AP"
,/preisvergleich/Relocate/475430046.html?categoryId=18406&pos=4&price=2800.0&productid=3131289&sid=9701&type=offer,"
,
"
,/preisvergleich/Relocate/559986562.html?categoryId=18406&pos=5&price=2827.34&productid=3131289&sid=294528&type=offer,"
Vi­to­dens 222-F 13 kW mit Vi­to­tro­nic 100 HC1B, hoch­ef­fi­zi­ent"
,/preisvergleich/Relocate/362636046.html?categoryId=18406&pos=4&price=1769.0&productid=3664000&sid=9701&type=offer,"
,
"
,/preisvergleich/Relocate/503493983.html?categoryId=18406&pos=5&price=1799.76&productid=3664000&sid=297223&type=offer,"
VIESS­MANN B2HA001 B2HA001 Vi­to­dens 200-W Gas-Brenn­wert-Wand­ge­rät 3,2-13, 0 kW mit Vi­to­tro­nic 100"
,/preisvergleich/Relocate/585082312.html?categoryId=18406&pos=6&price=1822.69&productid=3664000&sid=293331&type=offer,"
Viess­mann Vi­to­dens 200-W 13 kW Gas-Brenn­wert-Ther­me Brenn­wert­hei­zung Gasther­me B2HA003"
,/preisvergleich/Relocate/503498734.html?categoryId=18406&pos=7&price=1828.7&productid=3664000&sid=297223&type=offer,"
VIESS­MANN B2HA003 B2HA003 Vi­to­dens 200-W Gas-Brenn­wert-Wand­ge­rät 3,2-13, 0 kW mit Vi­to­tro­nic 200"
,/preisvergleich/Relocate/559966996.html?categoryId=18406&pos=8&price=1890.9&productid=3664000&sid=294528&type=offer,"
Vi­to­dens 200-W 13KW mit Vi­to­tro­nic 100"
,/preisvergleich/Relocate/436314809.html?categoryId=18406&pos=6&price=2873.62&productid=3131289&sid=276812&type=offer,"
Viess­mann Paket Vi­to­dens 222-F 13 kW Vi­to­tro­nic"
,/preisvergleich/Relocate/436315101.html?categoryId=18406&pos=7&price=2873.62&productid=3131289&sid=276812&type=offer,"
Viess­mann Paket Vi­to­dens 222-F 13 kW Vi­to­tro­nic"
,/preisvergleich/Relocate/387844471.html?categoryId=18406&pos=8&price=2947.99&productid=3131289&sid=276812&type=offer,"
Viess­mann Vi­to­dens 222-F B2TA mit Vi­to­tro­nic 100 3,2 - 13,0 kW"
,/preisvergleich/Relocate/387844094.html?categoryId=18406&pos=9&price=2947.99&productid=3131289&sid=276812&type=offer,"
Viess­mann Vi­to­dens 222-F B2SA mit Vi­to­tro­nic 100 3,2 - 13,0 kW"
,/preisvergleich/Relocate/481778260.html?categoryId=18406&pos=10&price=2965.0&productid=3131289&sid=289859&type=offer,"
Viess­mann 222-F Gasther­me, 13 kW, B2SA010, Spei­cher in­nen­be­heizt, Auf­putz l/r Viess­mann"
,/preisvergleich/Relocate/481795230.html?categoryId=18406&pos=11&price=2965.0&productid=3131289&sid=289859&type=offer,"
Viess­mann 222-F Gasther­me, 13 kW, B2SA007, Spei­cher in­nen­be­heizt, Auf­putz oben Viess­mann"
,/preisvergleich/Relocate/387844400.html?categoryId=18406&pos=12&price=3171.99&productid=3131289&sid=276812&type=offer,"
Vi­to­dens 222-F mit Vi­to­tro­nic 200, La­de­spei­cher 3,2 - 13,0 kW"
,/preisvergleich/Relocate/306412868.html?categoryId=18406&pos=9&price=1899.0&productid=3664000&sid=288366&type=offer,"
Viess­mann Vi­to­dens 200-W Typ B2HA inkl. Vi­to­tro­nic 100 ""3,2 - 13 kW"""
,/preisvergleich/Relocate/387844301.html?categoryId=18406&pos=10&price=1909.99&productid=3664000&sid=276812&type=offer,"
Viess­mann Vi­to­dens 200-W mit Vi­to­tro­nic 100 3,2 - 13,0 kW"
,/preisvergleich/Relocate/585082566.html?categoryId=18406&pos=11&price=2041.73&productid=3664000&sid=293331&type=offer,"
Viess­mann Paket Vi­to­dens Gas­brenn­wert-Ther­me 200-W 13 kW B2HA069"
,/preisvergleich/Relocate/306412844.html?categoryId=18406&pos=12&price=2049.0&productid=3664000&sid=288366&type=offer,"
Viess­mann Vi­to­dens 200-W Typ B2HA inkl. Vi­to­tro­nic 200 ""3,2 - 13 kW"""
,/preisvergleich/Relocate/559986259.html?categoryId=18406&pos=13&price=2060.9&productid=3664000&sid=294528&type=offer,"
Vi­to­dens 200-W 13KW mit Vi­to­tro­nic 200"
,/preisvergleich/Relocate/387844058.html?categoryId=18406&pos=13&price=3171.99&productid=3131289&sid=276812&type=offer,"
Viess­mann Vi­to­dens 222-F BS2A mit Vi­to­tro­nic 200 3,2 - 13,0 kW"
,/preisvergleich/Relocate/559986572.html?categoryId=18406&pos=14&price=3300.0&productid=3131289&sid=294528&type=offer,"
Vi­to­dens 222-F 13KW mit Spei­cher mit Vi­to­tro­nic 200 Kom­pakt­ge­rät"
,/preisvergleich/Relocate/513353389.html?categoryId=18406&pos=15&price=3400.99&productid=3131289&sid=276812&type=offer,"
Vi­to­tro­nic 200 HO1B, Mon­ta­ge­hil­fe AP 3,2 - 13,0 kW, Auf­putz-Mon­ta­ge"
,/preisvergleich/Relocate/387843970.html?categoryId=18406&pos=14&price=2133.99&productid=3664000&sid=276812&type=offer,"
Viess­mann Vi­to­dens 200-W mit Vi­to­tro­nic 200 3,2 - 13,0 kW"
,/preisvergleich/Relocate/585082569.html?categoryId=18406&pos=15&price=2304.18&productid=3664000&sid=293331&type=offer,"
Viess­mann Paket Brenn­wert-Gasther­me Vi­to­dens 200-W 13 kW Spei­cher CVA 160 L B2HA062"
longtitle,linkwithprice,title
,,
,,
,,
,,
,,
,,
,,
,,
,,
,,
,,
,,
,,
,,
,,
,,
,,
,,
,,
,,
,,
,,
,,
,,
,,
,,
,,
,,
,,
,,
,,
,,
,/preisvergleich/Relocate/475430102.html?categoryId=18406&pos=1&price=2857.6&productid=4677123&sid=9701&type=offer,"
,
"
,/preisvergleich/Relocate/559969174.html?categoryId=18406&pos=2&price=2885.8&productid=4677123&sid=294528&type=offer,"
Vi­to­dens 222-W 13 kW mit Vi­to­tro­nic 100 HC1B, hoch­ef­fi­zi­ent"
,/preisvergleich/Relocate/513493664.html?categoryId=18406&pos=3&price=2934.94&productid=4677123&sid=9701&type=offer,"
,
"
,/preisvergleich/Relocate/513353429.html?categoryId=18406&pos=4&price=3008.99&productid=4677123&sid=276812&type=offer,"
Viess­mann Vi­to­dens 222-W mit Vi­to­tro­nic 100 3,2 - 13,0 kW"
,/preisvergleich/Relocate/513353126.html?categoryId=18406&pos=5&price=3232.99&productid=4677123&sid=276812&type=offer,"
Viess­mann Vi­to­dens 222-W mit Vi­to­tro­nic 200 3,2 - 13,0 kW"
,/preisvergleich/Relocate/513353032.html?categoryId=18406&pos=6&price=3454.99&productid=4677123&sid=276812&type=offer,"
Vi­to­tro­nic 200 HO1B, Mon­ta­ge­hil­fe AP"
,/preisvergleich/Relocate/481825971.html?categoryId=18406&pos=1&price=2690.0&productid=3131289&sid=289859&type=offer,"
Viess­mann Vi­to­dens 222-F Kom­pakt-Brenn­wert­ther­me, 13 kW, VT100, HE ohne Ab­gas­pa­ket, ohne An­schluss-Set Viess­mann"
,/preisvergleich/Relocate/366564113.html?categoryId=18406&pos=2&price=2745.0&productid=3131289&sid=9701&type=offer,"
,
"
,/preisvergleich/Relocate/559967057.html?categoryId=18406&pos=3&price=2799.99&productid=3131289&sid=294528&type=offer,"
Paket Vi­to­dens 222-W 13KW mit Vi­to­tro­nic 200, La­de­spei­cher und Mon­ta­ge­hil­fe AP"
,/preisvergleich/Relocate/475430046.html?categoryId=18406&pos=4&price=2800.0&productid=3131289&sid=9701&type=offer,"
,
"
,/preisvergleich/Relocate/559986562.html?categoryId=18406&pos=5&price=2827.34&productid=3131289&sid=294528&type=offer,"
Vi­to­dens 222-F 13 kW mit Vi­to­tro­nic 100 HC1B, hoch­ef­fi­zi­ent"
,/preisvergleich/Relocate/436314809.html?categoryId=18406&pos=6&price=2873.62&productid=3131289&sid=276812&type=offer,"
Viess­mann Paket Vi­to­dens 222-F 13 kW Vi­to­tro­nic"
,/preisvergleich/Relocate/436315101.html?categoryId=18406&pos=7&price=2873.62&productid=3131289&sid=276812&type=offer,"
Viess­mann Paket Vi­to­dens 222-F 13 kW Vi­to­tro­nic"
,/preisvergleich/Relocate/387844471.html?categoryId=18406&pos=8&price=2947.99&productid=3131289&sid=276812&type=offer,"
Viess­mann Vi­to­dens 222-F B2TA mit Vi­to­tro­nic 100 3,2 - 13,0 kW"
,/preisvergleich/Relocate/387844094.html?categoryId=18406&pos=9&price=2947.99&productid=3131289&sid=276812&type=offer,"
Viess­mann Vi­to­dens 222-F B2SA mit Vi­to­tro­nic 100 3,2 - 13,0 kW"
,,
,,
,,
,,
,/preisvergleich/Relocate/585082438.html?categoryId=18406&pos=1&price=1631.28&productid=3664000&sid=293331&type=offer,"
Viess­mann Vi­to­dens 200-W 13 kW Gas-Brenn­wert­heiz­ge­rät Gas­hei­zung Gasther­me B2HA001"
,/preisvergleich/Relocate/481777811.html?categoryId=18406&pos=2&price=1715.0&productid=3664000&sid=289859&type=offer,"
Viess­mann Vi­to­dens 200-W Gas-Brenn­wert­ther­me, 13 kW, VT100, HE ohne Ab­gas­pa­ket, ohne, ohne Viess­mann"
,/preisvergleich/Relocate/440781167.html?categoryId=18406&pos=3&price=1760.0&productid=3664000&sid=9701&type=offer,"
,
"
,/preisvergleich/Relocate/362636046.html?categoryId=18406&pos=4&price=1769.0&productid=3664000&sid=9701&type=offer,"
,
"
,/preisvergleich/Relocate/503493983.html?categoryId=18406&pos=5&price=1799.76&productid=3664000&sid=297223&type=offer,"
VIESS­MANN B2HA001 B2HA001 Vi­to­dens 200-W Gas-Brenn­wert-Wand­ge­rät 3,2-13, 0 kW mit Vi­to­tro­nic 100"
,/preisvergleich/Relocate/585082312.html?categoryId=18406&pos=6&price=1822.69&productid=3664000&sid=293331&type=offer,"
Viess­mann Vi­to­dens 200-W 13 kW Gas-Brenn­wert-Ther­me Brenn­wert­hei­zung Gasther­me B2HA003"
,/preisvergleich/Relocate/481778260.html?categoryId=18406&pos=10&price=2965.0&productid=3131289&sid=289859&type=offer,"
Viess­mann 222-F Gasther­me, 13 kW, B2SA010, Spei­cher in­nen­be­heizt, Auf­putz l/r Viess­mann"
,/preisvergleich/Relocate/481795230.html?categoryId=18406&pos=11&price=2965.0&productid=3131289&sid=289859&type=offer,"
Viess­mann 222-F Gasther­me, 13 kW, B2SA007, Spei­cher in­nen­be­heizt, Auf­putz oben Viess­mann"
,/preisvergleich/Relocate/387844400.html?categoryId=18406&pos=12&price=3171.99&productid=3131289&sid=276812&type=offer,"
Vi­to­dens 222-F mit Vi­to­tro­nic 200, La­de­spei­cher 3,2 - 13,0 kW"
,/preisvergleich/Relocate/387844058.html?categoryId=18406&pos=13&price=3171.99&productid=3131289&sid=276812&type=offer,"
Viess­mann Vi­to­dens 222-F BS2A mit Vi­to­tro­nic 200 3,2 - 13,0 kW"
,/preisvergleich/Relocate/559986572.html?categoryId=18406&pos=14&price=3300.0&productid=3131289&sid=294528&type=offer,"
Vi­to­dens 222-F 13KW mit Spei­cher mit Vi­to­tro­nic 200 Kom­pakt­ge­rät"
,/preisvergleich/Relocate/503498734.html?categoryId=18406&pos=7&price=1828.7&productid=3664000&sid=297223&type=offer,"
VIESS­MANN B2HA003 B2HA003 Vi­to­dens 200-W Gas-Brenn­wert-Wand­ge­rät 3,2-13, 0 kW mit Vi­to­tro­nic 200"
,/preisvergleich/Relocate/559966996.html?categoryId=18406&pos=8&price=1890.9&productid=3664000&sid=294528&type=offer,"
Vi­to­dens 200-W 13KW mit Vi­to­tro­nic 100"
,/preisvergleich/Relocate/306412868.html?categoryId=18406&pos=9&price=1899.0&productid=3664000&sid=288366&type=offer,"
Viess­mann Vi­to­dens 200-W Typ B2HA inkl. Vi­to­tro­nic 100 ""3,2 - 13 kW"""
,/preisvergleich/Relocate/387844301.html?categoryId=18406&pos=10&price=1909.99&productid=3664000&sid=276812&type=offer,"
Viess­mann Vi­to­dens 200-W mit Vi­to­tro­nic 100 3,2 - 13,0 kW"
,/preisvergleich/Relocate/585082566.html?categoryId=18406&pos=11&price=2041.73&productid=3664000&sid=293331&type=offer,"
Viess­mann Paket Vi­to­dens Gas­brenn­wert-Ther­me 200-W 13 kW B2HA069"
,/preisvergleich/Relocate/513353389.html?categoryId=18406&pos=15&price=3400.99&productid=3131289&sid=276812&type=offer,"
Vi­to­tro­nic 200 HO1B, Mon­ta­ge­hil­fe AP 3,2 - 13,0 kW, Auf­putz-Mon­ta­ge"
,/preisvergleich/Relocate/306412844.html?categoryId=18406&pos=12&price=2049.0&productid=3664000&sid=288366&type=offer,"
Viess­mann Vi­to­dens 200-W Typ B2HA inkl. Vi­to­tro­nic 200 ""3,2 - 13 kW"""
,/preisvergleich/Relocate/559986259.html?categoryId=18406&pos=13&price=2060.9&productid=3664000&sid=294528&type=offer,"
Vi­to­dens 200-W 13KW mit Vi­to­tro­nic 200"
,/preisvergleich/Relocate/387843970.html?categoryId=18406&pos=14&price=2133.99&productid=3664000&sid=276812&type=offer,"
Viess­mann Vi­to­dens 200-W mit Vi­to­tro­nic 200 3,2 - 13,0 kW"
,/preisvergleich/Relocate/585082569.html?categoryId=18406&pos=15&price=2304.18&productid=3664000&sid=293331&type=offer,"
Viess­mann Paket Brenn­wert-Gasther­me Vi­to­dens 200-W 13 kW Spei­cher CVA 160 L B2HA062"
